user_name,tweets
PAKISTANI 'sูพุงฺฉ ููุฌ ุฒูุฏ ุจุงุฏ,ฺฉุง ุชูฺบ ููุงุฒ ุฌูุงุฒ ุขุช 
ูุตุทููุตูุฑ,ูพุงฺฉ ููุฌ  
Z aheer(A proud Pakistani),"ูพู ุจุงุฌู ู18 ฺฉุง ุงูฺฉุดู ูุชุญ ฺฉุง 

ูพฺพุฑ ฺฏูฺฏุช ฺฉุง ูุญุงุฒ ูุชุญ ฺฉุง

 ุงุจ ุจุงุฌู ุจุบุฑุช ุงูฺ ฺฉููพู ุณููน ฺฉุง ุขูพุฑุดู ฺฉุฑู ฺฉ ุชุงุฑ ูฺบ ูุตุฑูู
ฺฉุดูุฑ ุงุจ ูพุงฺฉ ููุฌ ฺฉุง ูุณุฆู ูฺบ

ุงุจ ุฑ ุงูฺฉุดู ูฺบ ุฏฺพุงูุฏู ุงูุฑ ฺฉุฑูพุดู ฺฉุฑูุง ููุฌ ฺฉุง ุงุตู ฺฉุงู 

ุจุงุฌู ู ุงูพู ูุฑููน ูู ุนุงุตู ุจุงุฌู ฺฉู ุงูุฑฺฉุง ุจฺพฺฏุง ุฏุง"
Shahid Imran Cheema,ูพุงฺฉ ููุฌ ฺฉ ุดุฏุงุก ฺฉู ุณูุงู ูพุงฺฉ ููุฌ ุฒูุฏ ุจุงุฏ
M.SHABAM KHAN,ูพุงฺฉ ููุฌ ุฒูุฏ ุจุงุฏ
ูพุงฺฉุณุชุงู ุงูุฑ ูพุงฺฉ ููุฌ ุนูุฑุงู ุฎุงู ุตุงุญุจ ุฒูุฏ ุจุงุฏ,"ุงุจุง ุฌ ฺฉ ูพุงุฑูน ฺพ 
ููุงุฒ ู 2 ูุงู 
ุฒุฑุฏุงุฑ ู ุจูู"
ูพุงฺฉุณุชุงู ุงูุฑ ูพุงฺฉ ููุฌ ุนูุฑุงู ุฎุงู ุตุงุญุจ ุฒูุฏ ุจุงุฏ,ุฏุงุฏ ู ูพุณูุงูุฏฺฏุงู ูฺบ ฺูุฑ ฺพ ฺูุฑ ฺููฺ ู
Adil Zamin ICTP,ูพุงฺฉ ููุฌ ุฒูุฏ ุจุงุฏ ูพุงฺฉุณุชุงู ูพุงุฆูุฏ ุจุงุฏ
ูพุงฺฉุณุชุงู ุงูุฑ ูพุงฺฉ ููุฌ ุนูุฑุงู ุฎุงู ุตุงุญุจ ุฒูุฏ ุจุงุฏ,ุณุจ ฺฉฺพ ุฑฺพ ฺพ  ูพุณูุงูุฏฺฏุงู ูฺบ ฺูุฑ ฺพ ฺูุฑ ฺููฺ ู
ูพุงฺฉุณุชุงู ุงูุฑ ูพุงฺฉ ููุฌ ุนูุฑุงู ุฎุงู ุตุงุญุจ ุฒูุฏ ุจุงุฏ,"ุฏุงุฏ ฺฉุง ุงูุชูุงู ู ฺฏุง  ูุงู ุงุณูนุฌ ูพุฑ ุจูนฺพ ููุฒฺฉ ูฺฏุง ฺฉุฑ ฺฏุฑุฏู ูุง ูุง ฺฉุฑ ุงูุฌูุงุฆ ฺฉุฑ ุฑ ...!!!

 ูุนูุช "
ูพุงฺฉุณุชุงู ุงูุฑ ูพุงฺฉ ููุฌ ุนูุฑุงู ุฎุงู ุตุงุญุจ ุฒูุฏ ุจุงุฏ,ุชฺพุฌ ุจฺพ ุฌู ูฺบ ุชู ุฏูุง ฺุงูุฆ
ูพุงฺฉุณุชุงู ุงูุฑ ูพุงฺฉ ููุฌ ุนูุฑุงู ุฎุงู ุตุงุญุจ ุฒูุฏ ุจุงุฏ,ฺฉู ุจฺพุงุฆ ุจฺุง ฺูุฑ ฺพ ุงุณูุฆ
ูพุงฺฉุณุชุงู ุงูุฑ ูพุงฺฉ ููุฌ ุนูุฑุงู ุฎุงู ุตุงุญุจ ุฒูุฏ ุจุงุฏ,ฺฉฺพุจ ูฺพฺบ ููุงุฒ ฺฉู ฺูุฏ ูพุณ ูู ุชู ูุงฺบ ฺฉู ุจฺพ ุจฺ ุฏ ู ูฺบ ูู ฺฉฺพ ุฑฺพุง ููุงุฒ ฺฉ ุงุฑ ุงูุฑฺฉ ฺฉฺพุช ุชู
ุฒุจุฑ ุดุง ูุงุฏุฑ ุฑุถู,ุงูุฆ ฺฏุงฺบ ุฏุง ููุชุฑ ูพู ูุงู  ุชุฑ ุงุชู ูุฌุงู ฺฉ ุชู ูุงุฑ ูพุงฺฉ ููุฌ ุจุงุฑ ฺฉฺฺพ ุจฺพููฺฉ ฺฉุช  ุณูุทุงู ุตูุงุญ ุงูุฏู ุงูุจ ูุทุจ ุงูุฏู ุงุจฺฉ ูุญูุฏ ุจู ูุงุณู ุจฺพูู ฺฏุฆ ู ุ ุฌูุฏ ุงูฺฉ ุงุฏ ุงูุดุงุกุงูู ุงูุนุฒุฒ ุงุจ ุชุงุฒ ูููุงู  ุงูุฑ ุชุฑ ูุฏูุงููฺบ ฺฉ ุญูู ูพฺพุฑ ฺฏุฑู ูุงู ฺบ ุณุฏุง ุจุงุฏุดุง ูุฑ ุฑุจ ฺฉ  
Z aheer(A proud Pakistani),"ูพู ุจุงุฌู ู18 ฺฉุง ุงูฺฉุดู ูุชุญ ฺฉุง 

ูพฺพุฑ ฺฏูฺฏุช ฺฉุง ูุญุงุฒ ูุชุญ ฺฉุง

 ุงุจ ุจุงุฌู ุจุบุฑุช ุงูฺ ฺฉููพู ุณููน ฺฉุง ุขูพุฑุดู ฺฉุฑู ฺฉ ุชุงุฑ ูฺบ ูุตุฑูู
ฺฉุดูุฑ ุงุจ ูพุงฺฉ ููุฌ ฺฉุง ูุณุฆู ูฺบ

ุงุจ ุฑ ุงูฺฉุดู ูฺบ ุฏฺพุงูุฏู ุงูุฑ ฺฉุฑูพุดู ฺฉุฑูุง ููุฌ ฺฉุง ุงุตู ฺฉุงู 

ุจุงุฌู ฺฏุงูฺู ู ุงูพู ูุฑููน ูู ุนุงุตู ุจุงุฌู ฺฉู ุงูุฑฺฉุง ุจฺพฺฏุง ุฏุง"
Younas,ูพุงฺฉ ููุฌ ุฒูุฏ ุจุงุฏ
Sr.Argon Welder,
Muhammad Temoor Rana,"ุจ ุดฺฉ

ูพุงฺฉ ููุฌ ุฒูุฏ ุจุงุฏ"
ูพุงฺฉุณุชุงู ุงูุฑ ูพุงฺฉ ููุฌ ุนูุฑุงู ุฎุงู ุตุงุญุจ ุฒูุฏ ุจุงุฏ,ุณุงุณุช ุดุฑูุน ุชู ู ุงูพู ูุงฺบ ฺฉ ููุช ูพุฑ ุณุงุณุช ฺฉ ฺพ ูุงู ู ุชู ุฏุงุฏ ฺพ ุดุฑูุน ฺพู ุฌุงุค
ูพุงฺฉุณุชุงู ุงูุฑ ูพุงฺฉ ููุฌ ุนูุฑุงู ุฎุงู ุตุงุญุจ ุฒูุฏ ุจุงุฏ,ูู ุขุฆ ฺฏุง
UMER UMH,ุญููุช   ฺฉฺฺพ ููฺฏ ุฌุฒุจุงุช ูุฑ ฺบ ูพุงฺฉุณุชุงู ฺฉู ฺฏุงู ูพุงฺฉ ููุฌ ูพ ุจฺพููฺฉุช ููุช  ูุงฺบ ู ฺฉูฺบ ูฺบ ุฑูฺฉุง
ูพุงฺฉุณุชุงู ุงูุฑ ูพุงฺฉ ููุฌ ุนูุฑุงู ุฎุงู ุตุงุญุจ ุฒูุฏ ุจุงุฏ,ูพุณ ฺฉ ูุฆ ุขฺฏุฑ ูุฒุงุฑุช ูู ุชู ููุงุฒ ุฎุงูุฏุงู ูุงฺบ ฺฉู ุจฺพ ุจฺ ุฏ
ูพุงฺฉุณุชุงู ุงูุฑ ูพุงฺฉ ููุฌ ุนูุฑุงู ุฎุงู ุตุงุญุจ ุฒูุฏ ุจุงุฏ,ฺฉฺพุจ ูฺพฺบ ุขุฆ ฺฏุง
ูพุงฺฉุณุชุงู ุงูุฑ ูพุงฺฉ ููุฌ ุนูุฑุงู ุฎุงู ุตุงุญุจ ุฒูุฏ ุจุงุฏ,ูพุณูุงูุฏฺฏุงู ูฺบ ฺูุฑ ฺพ ฺูุฑ ู
Muhammad Tanveer,ูพุงฺฉ ููุฌ ุฒูุฏ ุขุจุงุฏ
ูพุงฺฉุณุชุงู ุงูุฑ ูพุงฺฉ ููุฌ ุนูุฑุงู ุฎุงู ุตุงุญุจ ุฒูุฏ ุจุงุฏ,ฺฉฺพุจ ูฺพฺบ
ูพุงฺฉุณุชุงู ุงูุฑ ูพุงฺฉ ููุฌ ุนูุฑุงู ุฎุงู ุตุงุญุจ ุฒูุฏ ุจุงุฏ,ูฺบ ููฺฉ ุณ ุจุง ฺพุฑ ฺพู ูุณู ุณ ููฺฏ ุงุฏฺพุงุฑ ูุงูฺฏ ฺฉุฑ ูนฺฉูน ูฺฉุฑ ูุงฺบ ุจุงูพ ฺฉ ุฌูุงุฒ ูพุฑ ุฌุงุช ฺพ ู ุจุฏ ูุณูุช ุงุชู ุขูุฑ ฺพู ฺฉุฑ .....
ูพุงฺฉุณุชุงู ุงูุฑ ูพุงฺฉ ููุฌ ุนูุฑุงู ุฎุงู ุตุงุญุจ ุฒูุฏ ุจุงุฏ,ูพฺฉุง  ูุงู ฺฉ ูุงูนุฑ ูฺฉู ุขุฆ ุงุจ ูุงู ุฏุงุฏ ฺฉ ูุงุด ูพุฑ ุณุงุณุช ฺฉุฑ ฺฏ
ูพุงฺฉุณุชุงู ุงูุฑ ูพุงฺฉ ููุฌ ุนูุฑุงู ุฎุงู ุตุงุญุจ ุฒูุฏ ุจุงุฏ,ุงุณฺฉ ูุฆ ฺูุฑ ูููน ูุงุฑ ฺฉุฑูพุดู ฺฉูุดู ูู ูุงูฺุฑูฺฏ ฺฉุง ูพุณ ูุงูพุณ ฺฉุฑูุง ููฺฏุง
ูพุงฺฉุณุชุงู ุงูุฑ ูพุงฺฉ ููุฌ ุนูุฑุงู ุฎุงู ุตุงุญุจ ุฒูุฏ ุจุงุฏ, ุณุจ ููุฏ ฺฉ ูุฑุถ ูพุฑ ู
ูพุงฺฉุณุชุงู ุงูุฑ ูพุงฺฉ ููุฌ ุนูุฑุงู ุฎุงู ุตุงุญุจ ุฒูุฏ ุจุงุฏ, ุฑูุงุฌ ุบุฑุจู ูฺบ ฺพ
ูพุงฺฉุณุชุงู ุงูุฑ ูพุงฺฉ ููุฌ ุนูุฑุงู ุฎุงู ุตุงุญุจ ุฒูุฏ ุจุงุฏ,ูุงฺบ ฺฉู ุจฺพ ููุฏู ุงูพู ูพุงุณ ุฑฺฉฺพ
ูพุงฺฉุณุชุงู ุงูุฑ ูพุงฺฉ ููุฌ ุนูุฑุงู ุฎุงู ุตุงุญุจ ุฒูุฏ ุจุงุฏ,"ุฏูุงู ูุงฺบ ุจุงูพ ฺฉุง ุฎุณุงุจ ุงููุงุฏ ุฏุช ฺพ 
ุงุณูุฆ ูุจุฑ ูฺบ ฺุงูู ุณ ูพฺพู ูพุงฺฉุณุชุงู ฺฉ ุนูุงู ฺฉุง ุณุงุฑุง ูููน ูุงุฑ ฺฉุฑูพุดู ฺฉูุดู ูู ูุงูฺุฑูฺฏ ฺฉุง ูพุณ ูุงูพุณ ฺฉุฑ ุชุงฺฉ ูุงฺบ ุจุฎุด ุฌุงุฆ"
ูพุงฺฉุณุชุงู ุงูุฑ ูพุงฺฉ ููุฌ ุนูุฑุงู ุฎุงู ุตุงุญุจ ุฒูุฏ ุจุงุฏ,ููุงุฒ ุดูุจุงุฒ  ูุงฺบ ฺฉู ุณุงุฑ ุฒูุฏฺฏ ุฌฺพูู ูฺบ ุฌูุง ู ฺฏ ูููน ูุงุฑ ฺฉุฑูพุดู ฺฉูุดู ูู ูุงูฺุฑูฺฏ ฺฉ ูพุณู ฺฉุง ูุงู ุจฺพ ูุช ูู
TALHA,ุชู ุฑู ุฏ ุชุฑุง ฺฉูุฆ ูุตูุฑ ูฺบ  ูฺบ ู ุชุฑุง ุงููนุฑูู ุฏฺฉฺพุง  druv rathee ฺฉ ุณุงุชฺพ ุชูุงุฑุง ฺฉุงู  ูพุงฺฉ ููุฌ ฺฉ ุฎูุงู ุงูุฑ ููุชุฎุจ ุฌููุฑุช ูพุฑ ุจุงุช ฺฉุฑูุง ุงูุฑ ุงฺฺพุง ูุชุง ุงฺฏุฑ ุชู ุจฺพ 2017 ูฺบ ูุณูฺฏ ูพุฑุณูุฒ ฺฉ ูุณูน ูฺบ ุดุงูู ูุฌุงุช ูุณ ฺฉุชู ูพุณ ูู ุฌุงุช ฺบ ููุฌ ฺฉ ุฎูุงู ุจุงุช ฺฉุฑู ฺฉ 
ูพุงฺฉุณุชุงู ุงูุฑ ูพุงฺฉ ููุฌ ุนูุฑุงู ุฎุงู ุตุงุญุจ ุฒูุฏ ุจุงุฏ,ุงู ูุงฺบ ูพุฑ ุจฺพ ุณุงุณุช ฺฉุฑ ฺฏ
marjana butt,ู ุบุฑุจูฺบ ฺฉ ุฏุนุง ุณ ุฎุงู ฺฉ ุญูุงุธุช ุฑุจ ฺฉุฑ ฺฏุง ุงูุฑ ููฺฉ ฺฉู ุชุฑู ุฏ ฺฏุง ุดฺฉุฑ ุนูุฑุงู ุฎุงู ุดฺฉุฑ ูพุงฺฉ ููุฌ
ูพุงฺฉุณุชุงู ุงูุฑ ูพุงฺฉ ููุฌ ุนูุฑุงู ุฎุงู ุตุงุญุจ ุฒูุฏ ุจุงุฏ,ุจฺพูู ุฌุงู
ูพุงฺฉุณุชุงู ุงูุฑ ูพุงฺฉ ููุฌ ุนูุฑุงู ุฎุงู ุตุงุญุจ ุฒูุฏ ุจุงุฏ,ููุฏู ูุจุฑุณุชุงู ูู ฺพ ูพุงฺฉุณุชุงู ูุงฺฉุฑ ูุฒุงุฑ ุจูุงูุง ู
ูพุงฺฉุณุชุงู ุงูุฑ ูพุงฺฉ ููุฌ ุนูุฑุงู ุฎุงู ุตุงุญุจ ุฒูุฏ ุจุงุฏ,ูุงฺบ ฺฉู ููุฏู ู ฺฏุฆ ฺพู ุฆ ู
ูพุงฺฉุณุชุงู ุงูุฑ ูพุงฺฉ ููุฌ ุนูุฑุงู ุฎุงู ุตุงุญุจ ุฒูุฏ ุจุงุฏ,ุฌูุฏ ุฌูุฏ ูุงู ูุทุฑ ฺฉู ููุฏู ุจฺพุฌู ุงูุฑ ููุฏ ุชู ุฎูุฏ ุข ุฌุงุฆ ฺฏุง
ูพุงฺฉุณุชุงู ุงูุฑ ูพุงฺฉ ููุฌ ุนูุฑุงู ุฎุงู ุตุงุญุจ ุฒูุฏ ุจุงุฏ,"ุขุฎุฑ ุฎุฏ 2 ฺพ 
1  ูุจุฑ   2   ฺพุฑุงููฺ"
ูุธูุฑ ุฑุงุฌูพูุช,ุนูุฑุงู ุฎุงู ุงูุฑ ูพุงฺฉ ููุฌ ฺฉ ูุช ูุฆ ุงูพูุฒุดู ุงูฺู ููุงุฏุงุช ฺฉ ุฑฺฉฺพูุงู ูฺบ ูุงฺฉุงู ูุฆ ุชู ฺฉูุฑููุง ูพฺพูุง ฺฉุฑ ูุงุดูฺบ ฺฉ ฺฺพุฑ ูฺฏุงูุง ุงูฺพฺบ ุขุณุงู ูฺฏุง ุงุจ ุงุณ ุฑุง ูพุฑ ฺู ูพฺ ฺบ ุญุงูุงูฺฉ ู ุฌุงูุช ฺบ ฺฉ ุญฺฉููุช ฺฉุง ฺฉฺฺพ ูฺบ ุจฺฏุงฺ ูพุงฺบ ฺฏ ูฺฏุฑ ูุนุดุช ุจุฑุจุงุฏ ฺฉุฑู ฺฉุง ูููุน ู ูฺบ ฺฏููุงูุง ฺุงุช.
PAKISTANI 'sูพุงฺฉ ููุฌ ุฒูุฏ ุจุงุฏ,ุงูพ ู ฺฉุชู ุฏูุน ุชููฺบ ฺฉ ุณุฑ ูพ ุงุชฺพ ุฑฺฉฺพุง 
Hamid Rasul Jalil,"ูพุงฺฉ ููุฌ ุฒูุฏ ุจุงุฏ 
ูพุงฺฉุณุชุงู ูพุงุฆูุฏ ุจุงุฏ"
ูพุงฺฉุณุชุงู ุงูุฑ ูพุงฺฉ ููุฌ ุนูุฑุงู ุฎุงู ุตุงุญุจ ุฒูุฏ ุจุงุฏ,ุฌู ฺฉ ูพุงุณ ุฑุณุฏ ฺพูุช ฺพ ู ฺฉุช ฺฉ ุทุฑุน ุฏู ุฏุจุงฺฉุฑ ููุฏู ูฺพฺบ ุจฺพุงฺฏ ุฌุงุช
ูพุงฺฉุณุชุงู ุงูุฑ ูพุงฺฉ ููุฌ ุนูุฑุงู ุฎุงู ุตุงุญุจ ุฒูุฏ ุจุงุฏ,ุณุจ ฺฉฺฺพ ุชูฺพุงุฑ ุจุบุฑุช ุจุงูพ ฺฉุง ฺพ ูฺ ููฺฏ ุฎุงูุฏุงู ฺฉ ฺฉุช ุชู ฺฉู ุจุงุช ฺฉุฑู ฺฉ ุชูุฒ ูฺพฺบ
ุนุงุฆุด ูุง,"ูพุงฺฉุณุชุงู ุฒูุฏ ุจุงุฏ
ูพุงฺฉ ููุฌ ุฒูุฏ ุจุงุฏ"
ูพุงฺฉุณุชุงู ุงูุฑ ูพุงฺฉ ููุฌ ุนูุฑุงู ุฎุงู ุตุงุญุจ ุฒูุฏ ุจุงุฏ,ุณุงุณุช ฺฏฺพุฑ ฺฉุง ูุงู ฺฏฺพุฑ ูฺบ ุฑู
Mehdi Hassan,ุฌูุฑู ูุดุฑู ู ุชู ุฌูฺฏฺบ ูฺ ฺบ ุงุณ ููฺฉ ฺฉู ุชุฑู ุฏ  ูุดุฑู ู ุขูพ ฺฉ ููุงุฒ ุดุฑู ฺฉู ู ุณุจู ุณฺฉฺพุงุง ุฌุณฺฉู ู ูฺบ ุจฺพููุง ุณฺฉุชุง ูุงูุช ุชฺฉ ุงุณูุฆ ูพุงฺฉ ููุฌ ฺฉู ูุดุงู ุจูุงุช  ููุงุฒ ูุงู ฺฉูฺบ ฺฉ ูกูฉูฉูฉ  ุงุจฺพ ุชฺฉ ุจฺพูู ูฺบ ุงูุฑ ู ฺฉุจฺพ ุจฺพููุง ุณฺฉ ฺฏ  ููฺฏ
PAKISTANI 'sูพุงฺฉ ููุฌ ุฒูุฏ ุจุงุฏ,"ุญฺฉููุช ฺฉููนุฑูู ุณ ุจุงุฑ 
ุฌุจ ฺฉููนุฑูู ู ฺฉุฑ ุณฺฉุช ุชู ูพฺพุฑ
ฺฏฺพุฑ ุฌุงู"
Shiraz Ch.,ุญุงูุฏ ููุงู ุนูุฑุงู ุฎุงู ฺฉู ูุงฺฉุงู ุฏฺฉฺพุงูุ ุณูุงูุช ฺฉ ุงุฏุงุฑูฺบ ฺฉู ูุชูุงุฒุน ฺฉุฑู ุงูุฑ ุฏุดุชฺฏุฑุฏ ูฺบ ูููุซ ุฎูุฏ ุณุงุฎุช ูุงูพุช ุงูุฑุงุฏ ฺฉู ูุธููู ุซุงุจุช ฺฉุฑู ฺฉูุฆ ฺฏุงู ุชฺฉ ฺฉุง ุฒูุฑ ูฺฏุงุชุง  ุฌุจฺฉ  ุงฺฉุซุฑ ูพุงฺฉ ููุฌ ูพุฑ ุญูููฺบ ูฺบ ูููุซ ูุช ฺบุ ุฎุฑุฑ ุงูุฏุฑูู ุงูุฑ ุจุฑูู ููฺฉ ุณ ูุฆ ููุงู ุจฺพ ุชู ุญูุงู ฺฉุฑู ฺบ
Nadeem Askar Fan,"ุฌุฑูููฺบ ฺฉ ุบูุท ูพุงูุณูฺบ ุณ ูุงุฑ ุจฺูฺบ ฺฉุง  ุฎุงู  
ุชู ูฺบ ฺฉุณ ูู ุณ ูพุงฺฉุณุชุงู ุฒูุฏ ุจุงุฏ ุง ูพุงฺฉ ููุฌ ุฒูุฏ ฺฉู ฺฉููฺฉ ุงู  ููุฌ ู ูุงุฑ ฺฏฺพุฑูฺบ ุฏฺฉุงููฺบ ุงูุฑ ุจุงุฒุงุฑูฺบ ฺฉู ูุณูุงุฑ ฺฉุฆฺบ ฺบ 
ฺุงูุฑูฺบ ฺฉูุฆ ูุงุฑ ุจฺูฺบ ฺฉู ุชู ฺฉุฆฺบ ฺบุ"
Shiraz Ch.,ุญุงูุฏ ููุงู ุญฺฉููุช ฺฉู ูุงฺฉุงู ุฏฺฉฺพุงูุ ุณูุงูุช ฺฉ ุงุฏุงุฑูฺบ ฺฉู ูุชูุงุฒุน ฺฉุฑู ุงูุฑ ุฏุดุชฺฏุฑุฏ ูฺบ ูููุซ ุฎูุฏ ุณุงุฎุช ูุงูพุช ุงูุฑุงุฏ ฺฉู ูุธููู ุซุงุจุช ฺฉุฑู ฺฉูุฆ ฺฏุงู ุชฺฉ ฺฉุง ุฒูุฑ ูฺฏุงุชุง  ุฌุจฺฉ  ุงฺฉุซุฑ ูพุงฺฉ ููุฌ ูพุฑ ุญูููฺบ ูฺบ ูููุซ ูุช ฺบุ ุฎุฑุฑ ุงูุฏุฑูู ุงูุฑ ุจุฑูู ููฺฉ ุณ ูุฆ ููุงู ุจฺพ ุชู ุญูุงู ฺฉุฑู ฺบ
 โฐRaia Arshadโฐ,ูพุงฺฉ ููุฌ ุฒูุฏ ุจุงุฏ
Naeem Javed,ููุชุงู ฺฉุง ุณูุทุงู ู ููุชุงู ูุงููฺบ ฺฉุง ุณุฑ ูุฎุฑ ุณ ุจููุฏ ฺฉุฑู ูุงูุง ูุฑ ุจฺ ุจฺพุงุฆ ููฺฉ ูุญูุฏ ุนุงูุฑ ฺูฺฏุฑ ุจฺพุงุฆ ุฒูุฏุง ุจุงุฏ ูพุงฺฉุณุชุงู ูพุงุฆูุฏ ุจุงุฏ ูพุงฺฉ ููุฌ ุฒูุฏุง ุจุงุฏ
Vicky PML-N,ูพุงฺฉ ููุฌ ุฌุณ ุฏูุณุฑ ููฺฉูฺบ ฺฉููุฌ ุฌุจ ุบูุท ฺฉุงู ฺฉุฑ ฺฏ ุชู ุชููุฏ ูฺฏูพุงฺฉ ููุฌ ฺฉููธ ูุนูุฒ ุจุงูู  ูุฑุขุงู ูฺบ ุฌ ฺฉู ุจุฑุง ู ฺฉุง ุฌุง ุณฺฉุชุงุงูู ูุนุงู ฺฉุฑูพุงฺฉ ููุฌ ูฺบ ูุดุฑู ุนุงุตู ุงุฌู ุฌุณ ุญุฑุงู ุฎูุฑ ููุงุฏ ูพุฑุณุชูฺบ ู ูพูุฑ ุงุฏุงุฑ ฺฉ ุณุงฺฉฺพ ุจุฏูุงู ฺฉ ููธ 
PAKISTANI 'sูพุงฺฉ ููุฌ ุฒูุฏ ุจุงุฏ,"ุฌุจ ุชฺฉ ูนฺพุฑฺฉ ุฑ ฺฏ 
ุญุงูุช ุงุณ ุฑ ฺฏ"
PAKISTANI 'sูพุงฺฉ ููุฌ ุฒูุฏ ุจุงุฏ,"ุงุชู ููุจ ูุงู ูุทูุจ  ู ฺฉ
ุชู ุงุณูุงู ุงูุฑ ุฏู ฺฉ ูนฺพฺฉุฏุงุฑ ุจู ฺฏุฆ"
PAKISTANI 'sูพุงฺฉ ููุฌ ุฒูุฏ ุจุงุฏ," DC ุตุงุญุจ ฺฉู ุจฺพ ฺฉูุฆ ุณูุฌฺพุง 
ุขุช ฺบ ุชู ู ูุงฺฉฺพ ฺฉุช ฺบ ฺฉ ู ุจุงูุถู ฺบ 
ูฺฉู ูพฺพุฑ ุจฺพ ู ฺฉุช ฺบ ฺฉ ุณููนุงุฆุฒุฑ ุถุฑูุฑ "
Munawar Satti,ุนูุฑุงู ุฎุงู ุงูุฑ ูพุงฺฉ ููุฌ ฺฉ ูุช ูุฆ ุงูพูุฒุดู ุงูฺู ููุงุฏุงุช ฺฉ ุฑฺฉฺพูุงู ูฺบ ูุงฺฉุงู ูุฆ ุชู ฺฉูุฑููุง ูพฺพูุง ฺฉุฑ ูุงุดูฺบ ฺฉ ฺฺพุฑ ูฺฏุงูุง ุงูฺพฺบ ุขุณุงู ูฺฏุง ุงุจ ุงุณ ุฑุง ูพุฑ ฺู ูพฺ ฺบ ุญุงูุงูฺฉ ู ุฌุงูุช ฺบ ฺฉ ุญฺฉููุช ฺฉุง ฺฉฺฺพ ูฺบ ุจฺฏุงฺ ูพุงฺบ ฺฏ ูฺฏุฑ ูุนุดุช ุจุฑุจุงุฏ ฺฉุฑู ฺฉุง ูููุน ู ูฺบ ฺฏููุงูุง ฺุงุช.
PAKISTANI 'sูพุงฺฉ ููุฌ ุฒูุฏ ุจุงุฏ,"ูุนูฺฉู ุงุณูุงู !!! 
ูุจุดุฑ ุจฺพุงุฆ ุขูพ ุณูุงู ฺฉุฑ ฺฉ ฺฉุงฺบ ฺู ุฌุงุช ฺบ ุ"
ุณุฏ ุนุงุฆุด ุฌูุงู,ูพุงฺฉ ููุฌ ุฒูุฏ ุขุจุงุฏ
PAKISTANI 'sูพุงฺฉ ููุฌ ุฒูุฏ ุจุงุฏ,"ุจุณ ุง ุงุฎุฑู ูู ุฏ ุณูุฌฺพ ูุฆ ุขุฆ
 "
RK,ูุฒุฑุงุนุธู ุนูุฑุงู ุฎุงู ฺฉู ูพุงฺฉุณุชุงู ูฺบ ุณุจ ุณ ูพู ุจฺพุงุฑุช ฺฉ ุขูุงุฑ ูพุงฺฏู ฺฉูุช ูุงุฑ ููู ุดุฑูุน ฺฉุฑูุง ฺุงุฆ. ุฌู ุจฺพุงุฑุช ฺฉ ฺ ููู ูฺบ ุฏุจุงฺฉุฑ ูพุงฺฉ ููุฌ ฺฉ ุฎูุงู ุจฺพููฺฉุช ฺบ
Hindi News,ุดุจ  ฺฉ ุฎุงุฏู ุญุณู ุฑุถู ฺฉู ูพุงฺฉ ููุฌ ู ฺู ฺฉ ูุฏุฏ ุณ ุฒุฑ ฺฉ ุฐุฑุน ูุงฺฉ ฺฉุง ุชฺพุง ููุช ฺฉุง ุณุฑูนูฺฉูน ุฏฺฉฺพุงุง ฺฏุง ููุช ฺฉ ูุฌ ฺฉุจฺพ ูุนููู ูฺบ ูุณฺฉ ููฺฉู ูฺบ
Akbar,ูพุงฺฉ ููุฌ ุฒูุฏ ุจุงุฏ
Silent Voice, ุฌู ุงูู ุงูุฑ ฺู ุณ ู ฺฏฺพุฑูฺบ ูฺบ ุณูุช ฺบ  ุฌู ุฏุดูู ฺฉ ุขูฺฉฺพ ุณ ุขูฺฉฺพ ููุง ฺฉุฑ ูฺู ฺฉุง ุญูุตู  ู ูฺบ ุขุชุง   ฺุงุฑ ููุณู  ุฌู ู ุงูู ุงูุฑ ุฎูุดูฺบ ุณ ฺฏุฒุงุฑุช ฺบ  ุงู ฺฉ ูพฺฺพ ูุงุฑ ูพุงฺฉ ููุฌ ฺฉ ูุฑุฏ ุงูุฑ ุงู ุฌุณ ูุทู ฺฉ ุจูนูฺบ ฺฉุง ูู ูุชุง  ุณูุงู ุงู ุดุฏูฺบ ฺฉู
ูพุงฺฉุณุชุงู ุงูุฑ ูพุงฺฉ ููุฌ ุนูุฑุงู ุฎุงู ุตุงุญุจ ุฒูุฏ ุจุงุฏ,ุขูพ ูุงููุจฺฉ ุฏ ูู ุณฺฉุช ุงูุฑ ุจุงุชฺบ ุณู ูู
PAKISTANI 'sูพุงฺฉ ููุฌ ุฒูุฏ ุจุงุฏ,ูุฌ
ุฎุงฺฉุณุงุฑ,ุฌุชู ุจฺพ ุฏู ุจุฒุงุฑ ฺบ ุงู ฺฉุง ุบุต ุจฺุงุฑ โ ูููู โ ูพุฑ  ูฺฉูุชุง  ุงุณ ุทุฑุญ ุฌุชู ูพุงฺฉุณุชุงู ุณ ุจุฒุงุฑ ฺบ ุงู ฺฉุง ุบุต ูพุงฺฉ ููุฌ ูพุฑ  ุงฺบ โ ุจุฒุงุฑ โ ฺฉุง ูุนู ุฏุดูู 
sniper,"ูพุงฺฉ ููุฌ ุชู ุฌุณูฺบ ฺฉ ุณุงุชฺพ ุฌู ุจฺพ ฺฉุฑุช  ุจูุช ุงฺฺพุง ฺฉุฑุช  

ูพุงฺฉ ููุฌ ุฒูุฏ ุขุจุงุฏ"
PAKISTANI 'sูพุงฺฉ ููุฌ ุฒูุฏ ุจุงุฏ,ูููนุฑ ุณุงุฆฺฉู ูพุฑ ุจฺพ ฺฺพ ููน ฺฉุง ูุงุตู ูพฺ ฺฏุง
Ahmed Omair, CIA ฺฉ ุฑูุงุช  ฺฉ ู ุงูพู ูุฆ ฺฉุงู ฺฉุฑู ูุงููฺบ ฺฉู ฺฉุจฺพ ุชูุงุก ูฺบ ฺฺพูฺุช ุงุณ ฺฉ ุฑ ููฺฉู ูุฏุฏ ุงูุฑ ุชุญูุธ ูุฑุงู ฺฉุฑุช ฺบ ุฒุฑุฏุงุฑ ุณ ูฺฉุฑ ูุดุฑู ุงูุฑ ฺุงฺฉูนุฑ ุดฺฉู ุขูุฑุฏ ุชฺฉ ฺฉุณ ฺฉุง ุจุงู ุจฺฉุง ูฺบ ูุง  ุฑูุงุช ูพุงฺฉ ููุฌ ู ูุณุชุนุงุฑ ู  ุงฺฏุฑ ุงุณุง ูฺบ ฺฉุฑฺบ ฺฏ ุชู ุงู ฺฉ ูุฆ ฺฉุงู ฺฉูู ฺฉุฑ ฺฏุงุ
Aqeel Mukhtar Jatoi,"ุงู ูุณูนุฑ  ูฺบ ุงฺฉ ุณฺุง ูพุงฺฉุณุชุงู ุงูุฑ ูุญุจ ูุทู ุงฺฉ ุณฺุง ุณุฑุงุฆฺฉ ููู ูพุฑุณุชูฺบ ุจููฺ ููู  ุณ ุชุนูู  ูุฑุง ูุณุจ ูฺบ ุฑุชุง ุตูุจ ุณุฑุงุฆฺฉุณุชุงู ูุงุฑุง ุญู ุญฺฉููุช ฺฉุง ูุนุฏ  ูุฌฺพ ูุฎุฑ  ุงูพู ูุงฺบ ุจูู ุณุฑุงุฆฺฉ ุฒุจุงู ูพุฑ ุงูุฑ ุจููฺ ุฎูู ูู ูพุฑ
ู ุชู ูุฎุฑ ฺฉุฑุช ฺบ ุดุฏ ููุงุจ ูุธูุฑ ุนู ุฎุงู ูพุฑ

ูพุงฺฉ ููุฌ ุฒูุฏ ุจุงุฏ"
"Anser
ูพุงฺฉ ููุฌ ุฒูุฏ ุจุงุฏ","ูุงฺบ ุฏ ูุงู ุช ุฑุง ูฺฏุฏุง ุง 
ูพุฑ ุชู ุช ูุฑ ูฺฏ ุฏ ุงฺบ ุณููฺ"
ุฑุงูุง ูุตุฑุงููPTI,"ฺฏูฺฏุช ูฺบ ุงุฑู ฺฉ ุจุนุฏ ูุงฺบ ุณุงููพ ฺฉ ฺฉูฺ ูพููน ูพฺพุฑ ุณ ุฎุฑุงุจ ูฺฏุฆ 
ูพุงฺฉ ููุฌ ุฒูุฏ ุจุงุฏ"
ูพุงฺฉุณุชุงู ุงูุฑ ูพุงฺฉ ููุฌ ุนูุฑุงู ุฎุงู ุตุงุญุจ ุฒูุฏ ุจุงุฏ,ููุท ุงูุฑ ฺฉูู ฺฉุง ฺฉุฆุง ูุทูุจ ฺพ
shagufta.buzdar,ูพุงฺฉ ููุฌ ุฒูุฏ ุจุงุฏ....
Faheem khan,"ุงูุดุงุกูู
#ูพุงฺฉ_ููุฌ__ุชู_ูพุงฺฉุณุชุงู_"
ูพุงฺฉุณุชุงู ุงูุฑ ูพุงฺฉ ููุฌ ุนูุฑุงู ุฎุงู ุตุงุญุจ ุฒูุฏ ุจุงุฏ,ุงูฺฉุง ุงูพูุง ุฏูุงุบ ูฺพฺบ ฺพ ู ุตุฑู ููุงุฒ ุฒุฑุฏุงุฑ ูุฑู ุจูุงูู ฺฉ ูพุงูุชู ู
ูพุงฺฉุณุชุงู ุงูุฑ ูพุงฺฉ ููุฌ ุนูุฑุงู ุฎุงู ุตุงุญุจ ุฒูุฏ ุจุงุฏ,ฺู
Shiraz Ch.,"ุญุงูุฏ ููุงู ุญฺฉููุช ฺฉู ูุงฺฉุงู ุฏฺฉฺพุงูุ ุณูุงูุช ฺฉ ุงุฏุงุฑูฺบ ฺฉู ูุชูุงุฒุน ฺฉุฑู ุงูุฑ ุฏุดุชฺฏุฑุฏ ูฺบ ูููุซ ุฎูุฏ ุณุงุฎุช ูุงูพุช ุงูุฑุงุฏ ฺฉู ูุธููู ุซุงุจุช ฺฉุฑู ฺฉูุฆ ฺฏุงู ุชฺฉ ฺฉุง ุฒูุฑ ูฺฏุงุชุง  ุฌู ุงฺฉุซุฑ ูพุงฺฉ ููุฌ ูพุฑ ุญูููฺบ ูฺบ ูููุซ ูุช ฺบุ 
ุฎุฑุฑ ุงูุฏุฑูู ุงูุฑ ุจุฑูู ููฺฉ ุณ ูุฆ ููุงู ุจฺพ ุชู ุญูุงู ฺฉุฑู ฺบ"
ูพุงฺฉุณุชุงู ุงูุฑ ูพุงฺฉ ููุฌ ุนูุฑุงู ุฎุงู ุตุงุญุจ ุฒูุฏ ุจุงุฏ,ูฺฉฺพ ุฏ ูุนูุช
Shiraz Ch.,ุญุงูุฏ ููุงู ุญฺฉููุช ฺฉู ูุงฺฉุงู ุฏฺฉฺพุงูุ ุณูุงูุช ฺฉ ุงุฏุงุฑูฺบ ฺฉู ูุชูุงุฒุน ฺฉุฑู ุงูุฑ ุฏุดุชฺฏุฑุฏ ูฺบ ูููุซ ุฎูุฏ ุณุงุฎุช ูุงูพุช ุงูุฑุงุฏ ฺฉู ูุธููู ุซุงุจุช ฺฉุฑู ฺฉูุฆ ฺฏุงู ุชฺฉ ฺฉุง ุฒูุฑ ูฺฏุงุชุง  ุฌู ุงฺฉุซุฑ ูพุงฺฉ ููุฌ ูพุฑ ุญูููฺบ ูฺบ ูููุซ ูุช ฺบุ ุฎุฑุฑ ุงูุฏุฑูู ุงูุฑ ุจุฑูู ููฺฉ ุณ ูุฆ ููุงู ุจฺพ ุชู ุญูุงู ฺฉุฑู ฺบ
ูพุงฺฉุณุชุงู ุงูุฑ ูพุงฺฉ ููุฌ ุนูุฑุงู ุฎุงู ุตุงุญุจ ุฒูุฏ ุจุงุฏ, ุขูู ฺฉุณ ฺูุฑู ฺฉุง ูุงู ฺพ ุงูุฑ ฺฏุฒุงุฑุด ฺพ ุตูุฏุฑ ฺฉู ุฑุฌ ฺฉ ูู ูู ุตูุฏุฑ ฺฉุง ฺูุฑ ฺฉุง ูพูฺู ุฑุง ุจฺฉุณ ฺฉฺพู ฺฏุง ฺพ ุงููู ูุฑ ุชูุจฺพ ุณุจ ู ุฑุฌ ุฑุฌ ฺฉ ูููน ูุงุฑ ฺฉ ู
Shiraz Ch.,ุญุงูุฏ ููุงู ุญฺฉููุช ฺฉู ูุงฺฉุงู ุฏฺฉฺพุงูุ ุณูุงูุช ฺฉ ุงุฏุงุฑูฺบ ฺฉู ูุชูุงุฒุน ฺฉุฑู ุงูุฑ ุฏุดุชฺฏุฑุฏ ูฺบ ูููุซ ุฎูุฏ ุณุงุฎุช ูุงูพุช ุงูุฑุงุฏ ฺฉู ูุธููู ุซุงุจุช ฺฉุฑู ฺฉูุฆ ฺฏุงู ุชฺฉ ฺฉุง ุฒูุฑ ูฺฏุงุชุง  ุฌู ฺฉ ุงฺฉุซุฑ ูพุงฺฉ ููุฌ ูพุฑ ุญูููฺบ ูฺบ ูููุซ ูุช ฺบุ ุฎุฑุฑ ุงูุฏุฑูู ุงูุฑ ุจุฑูู ููฺฉ ุณ ูุฆ ููุงู ุจฺพ ุชู ุญูุงู ฺฉุฑู ฺบ
Mubashir Gondal,"ุฌฺพููนูฺบ ฺฉ ฺ ุงุณ ูพุ ุฺูุฑ ุจุงูพ ฺฉ ฺูุฑู ุจูน ฺฉู ฺฉูุฆ ุชฺฉูู ูฺบ ฺูฺุง ุจุงุฌู ุตุงุญุจ ู ฺฉุงู ฺฉุง ูฺู ุชุฑุง ฺฉูุฆ ูุณุชูุจู ูฺบ ูพุงฺฉุณุชุงู ฺฉ ุณุงุณุช ูฺบ ฺฉูุฆ ุงูุฑ ุฏฺฉฺพูุุุูุทุฑ ุณ ุฑุงุจุท ฺฉุฑูุุุ
ูพุงฺฉุณุชุงู ุฒูุฏ ุจุงุฏ ูพุงฺฉ ููุฌ ุฒูุฏ ุจุงุฏ"
Sarfraz,"ูพุงฺฉ ููุฌ ุฒูุฏ ุจุงุฏ ูพุงฺฉ ุขุฑู ฺฉ ุชูุงู ุข ูุณุฑุฒ ุงูุฑ ุฌูุงู ุฒูุฏ ุจุงุฏ
ุงูู ุชุนุงููฐ ุดุฏุงุก ฺฉ ุฏุฑุฌุงุช ุจููุฏ ูุฑูุงุฆ ุขูู ุงุฑุจ ุงูุนุงููู"
APatrioticPakistani,ุนุงุตู ุดุฑุงุฒ ุตุงุญุจ ุขูพ ฺฉู ูพุงฺฉ ููุฌ ุงูุฑ ุฏู ุณ ุงุชู ููุฑุช ฺฉูฺบ  ฺฉู ุงุฒ ฺฉู ุขุฌ ฺฉุฏู ุขูพ ฺฉุง ุดุฑู ฺฉุฑู ฺุงุฆ ูุงฺฉฺพูฺบ ููฺฏูฺบ ฺฉ ุฌุฒ ุขุฑ ูุฌุฑูุญ ฺฉุฑฺฉ ฺฉุง ุชุณูู ูู ุฑ  ุขูพ ฺฉู
Zahid Khan,ุงุชู ููุจ ฺฺฉูนุดู ฺฉุง ูุทูุจ  ููฺฉ ฺฉู ฺฉฺพูฺฉูุง ุงูุฑ ุจุนุฏ ูฺบ ุชุจุง ฺฉุฑูุง ููุตูุฏ     ู ุฎุฏุง ฺฉุง ุดฺฉุฑ  ฺฉ ูพุงฺฉ ููุฌ ุบุฑ ุณุงุณ  ุงฺฏุฑ ุณุงุณ ูุช ุชู
Fahad khattak,"ุฌู ููฺฏูฺบ ู ูพ ูน ุงู ุงูุฑ ูุญุณู ุฏุงูฺ ฺฉู ูพุงฺฉ ููุฌ ูุฎุงูู ุงุณุชุนูุงู ฺฉุง ุงุจ ุงู ููฺฏูฺบ ู ุงู ุณ ูู ููฺ ูุง
ูพู  ฺฉุง ุชฺพุง ฺฉ ูพ ูน ุงู ูุงู ุงุจฺพ ุจฺ ฺบ ุงูฺฉู ุณุงุณุช ฺฉ ุณูุฌฺพ ูฺบ"
Shaukat Bukhary,"ูุงฺบ ฺูุฑุดุฑู ฺฉุง ุณุฑ ุฌู ุขุณูุงู ูพ ุชฺพุง ุงุจ ฺฏุฑ ฺฉุฑ ฺฉุฌฺพูุฑ ูฺบ ุงูนฺฉ ฺูฺฉุง 
ูพุงฺฉ ููุฌ ฺฉ ุฎูุงู ุจฺพููฺฉูุง ููฺฏุง ูพฺ ฺูฺฉุง 
ุงูุฑ ุชูุงู ุงูพูุฒุดู ฺฉ ูพุงุฑูนูฺบ ู ูุดุชุฑฺฉ ูุตู ฺฉุง  ฺฉ ุงุณ ููุงูู ุดุฑู ฺฉู ูพุงฺฉ ููุฌ ฺฉ ุฎูุงู ูุฒุฏ ุจฺฉ ุจฺฉ ฺฉุฑู ุณ ุฏูุฑ ุฑฺฉฺพุง ุฌุง
ูุฑู ฺฉูู ุณ ุจูุงุฑ ุงูุฑ    ูุง ูฺฏูธ ููุงููุช"
Shaukat Bukhary,"Carry on (Sir)
ฺูุฑูฺบ ุงูุฑ ุญุฑุงูุฎูุฑูฺบ ฺฉุง ุณุงุชฺพ ุฏู ูุงู ฺูุฏ ุจ ุดุฑู ููฺฏูฺบ ุณ ุฒุงุฏ ุชุนุฏุงุฏ ุงูู ูพุงฺฉุณุชุงููฺบ ฺฉ  ฺฉ ุฌู ุงูพู ูพุงฺฉ ููุฌ ุงูุฑ ุนูุฑุงู ุฎุงู ุณ ููุญุจุช ฺฉุฑุช ฺบ"
๐๐ข๐ฌ๐ก๐,"ุงูุณูุงู ุนูฺฉู

ูฺบ ฺุง ุงุณ ูุญุจ ูุทู ุณูุดู ูฺุง ูนุฑูฺุฑ ุฌู ุงุณูุงู ุงูุฑ ูพุงฺฉุณุชุงู ฺฉุง ุฏูุงุน ุจฺพุฑูพูุฑ ุงูุฏุงุฒ ูฺบ ฺฉุฑ ุณฺฉฺบ
ูพุงฺฉ ููุฌ ุงูุฑ ุฑุงุณุช  ุงุฏุงุฑูฺบ ฺฉ ุดุงู ุจุดุงู ฺฉฺพฺ ู ุณฺฉฺบ ุงูุฑ ุฏุดูููฺบ ฺฉู ูู ุชูฺ ุฌูุงุจ ุฏ ุณฺฉฺบ
@TeamPakAlpha_
 

ุงฺฏุฑ ุขูพ ูุงุฑ ูนู ฺฉุง ุญุต ุจููุง ฺุงุช ฺบ ุชู ฺฉูููน ูฺบ YES ูฺฉฺพฺบ"
Zahoor Ahmad,ุชู ู ูุงูุน ุซุงุจุช ฺฉุฑ ุฏุง ุชุฑุงูู  ฺฺพููนุง ู ุจูฺฉ ุชุฑ ุณูฺ ุจฺพ ฺฺพููน  ุงฺฏุฑ ุญฺฉููุช ุง ููุฌ ู ุงุณุง ฺฉุฑูุง ฺพูุชุง ุชู ุชู ุฌุณ ูฺฏฺ ุจฺฏฺ ฺฉุจ ุณ ุฏูุง ุณ ฺฉูฺ ฺฉุฑ ฺฺฉ ฺพูุช ุฌู ฺฉุง ฺฉุงู ุตุจุญ ุดุงู ูพุงฺฉ ููุฌ ฺฉุชูฺบ ฺฉ ุทุฑุญ ุจฺพููฺฉูุงฺพูุชุง ฺพ ุฌุณ ูฺบ  ุญุฑุงู ุญุงูุฏ ูุฑ ููุฏ ุฑุง ฺฉ ูุงุฌุงุฆุฒ ุงููุงุฏ ุจฺพ ุดุงูู 
Aamir,ูพุงฺฉ ููุฌ ฺฉ ุณุงุชฺพ ูู ฺฉุฑ ุชู ุฌุณ ุบุฏุงุฑูฺบ ฺฉู ฺฉูฺู ฺฉ ุฑฺฉฺพ ุฏฺบ ฺฏ ูุจฺฉ ุงุฑุณูู ุงูู ูุจฺฉ ุงูพู ฺฏูุฏ ุฒุจุงู ูพ ฺฉุจฺพ ุจุงุจุง ุฌ ฺฉุง ูุงู ู ููุง
Aamir,ูพุงฺฉ ููุฌ ุฒูุฏ ุจุงุฏ ุฒูุฏ ุจุงุฏ ุฒูุฏ ุจุงุฏ ุง
Aamir,ูพุงฺฉ ููุฌ ุฒูุฏ ุจุงุฏ
Malika Ameen PTI,ุดุฏ ฺฉ ุฌู ููุช  ู ููู ฺฉ ุญุงุช !ุฏูุง ุจฺพุฑ ฺฉ ุงููุงุฌ ฺฉ ูพุงุณ ุชุนุฏุงุฏ ุงูุฑ ุงุณูุญ ุชู ุดุงุฏ ุฒุงุฏ  ูฺฉู ูพุงฺฉ ููุฌ ฺฉุง ุณูพุง ุฌุณ ุฏู ูุฑุฏ ูพูุชุง ุุฏุฑุญููุช ฺฉูู ูพูุชุง  ูพุงฺฉ ููุฌ ฺฉ ุฌุฐุจ ุงูุงู ฺฉู ุขุฌ ุชฺฉ ฺฉูุฆ ุฑุง ุณฺฉุง  ู  ฺฉุจฺพ ุฑุง ุณฺฉ ฺฏุง ูพุงฺฉ ููุฌ ุฒูุฏ ุจุงุฏ
๐๐ข๐ฌ๐ก๐,"ุงูุณูุงู ุนูฺฉู

ูฺบ ฺุง ุงุณ ูุญุจ ูุทู ุณูุดู ูฺุง ูนุฑูฺุฑ ุฌู ุงุณูุงู ุงูุฑ ูพุงฺฉุณุชุงู ฺฉุง ุฏูุงุน ุจฺพุฑูพูุฑ ุงูุฏุงุฒ ูฺบ ฺฉุฑ ุณฺฉฺบ
ูพุงฺฉ ููุฌ ุงูุฑ ุฑุงุณุช  ุงุฏุงุฑูฺบ ฺฉ ุดุงู ุจุดุงู ฺฉฺพฺ ู ุณฺฉฺบ ุงูุฑ ุฏุดูููฺบ ฺฉู ูู ุชูฺ ุฌูุงุจ ุฏ ุณฺฉฺบ
@TeamPakAlpha_
 

ุงฺฏุฑ ุขูพ ูุงุฑ ูนู ฺฉุง ุญุต ุจููุง ฺุงุช ฺบ ุชู ฺฉูููน ูฺบ YES ูฺฉฺพฺบ."
๐๐ข๐ฌ๐ก๐,"ูฺบ ฺุง ุงุณ ุงฺฉูนู ูุญุจ ูุทู ุณูุดู ูฺุง ูนุฑูฺุฑ ุฌู ุงุณูุงู ุงูุฑ ูพุงฺฉุณุชุงู ฺฉุง ุฏูุงุน ุจฺพุฑูพูุฑ ุงูุฏุงุฒ ูฺบ ฺฉุฑ ุณฺฉฺบ
ูพุงฺฉ ููุฌ ุงูุฑ ุฑุงุณุช  ุงุฏุงุฑูฺบ ฺฉ ุดุงู ุจุดุงู ฺฉฺพฺ ู ุณฺฉฺบ ุงูุฑ ุฏุดูููฺบ ฺฉู ูู ุชูฺ ุฌูุงุจ ุฏ ุณฺฉฺบ 
@TeamPakAlpha_
 
ุงฺฏุฑ ุขูพ ูุงุฑ ูนู ฺฉุง ุญุต ุจููุง ฺุงุช ฺบ ุชู ฺฉูููน ูฺบ YES ูฺฉฺพฺบ."
Ahsaan ur raheem,
ุณุนุฏ ูุงุถ,ุงู ุนุธู ุจุงุฏุฑ ูุงูุฏู ฺฉ ููุฑูุถ ููู ฺฉุณ ูพุงฺฉ ููุฌ ูพุฑ ฺฉฺฺ ุงฺฺพุงู ุณฺฉุช ฺพุ ุงูฺฉ ูพุงุณ ุฌู ุณุจ ุณ ุจฺ ูุนูุช ุชฺพ ููู ฺฉ ุขุฒุงุฏ ุงูุฑ ููฺฉ ฺฉ ุณูุงูุช ฺฉ ู ูุฑุจุงู ฺฉุฑุฏุฺฉุงุด ุงูฺฉ ุดฺฉุฑฺฏุฒุงุฑ ุงูุฑ ูุฏุฑุฏุงู ฺฉ ุดุงุงู ุดุงู ุงููุงุธ ููุช ูฺฏุฑุงูฺฉ ุนุธูุช ฺฉ ุขฺฏ ฺฏููฺฏ ฺพูฺฉุฑ ุฑ ฺฏุฆ ฺพูฺบ
ุงูููู,"ุฌู ุณูุฌฺพ ูฺบ ู ุขุฆ ู ูพุงฺฉ ููุฌ  
ุงูู ฺฉุฑ ุณ ฺูฺฏุงฺบ ุงู ุดุงุกุงูู"
safiullah,ุฒุจุฑุฏุณุช ุณุฑุ ุขูพ ฺฉู ุณูููน ฺฉุฑู ฺฉู ุฏู ฺฉุฑ ุฑุง  ุขูพ ูุงูุน ุงฺฉ ุบุฑุชููุฏ ูุญุจ ูุทู ููุฌ ฺบ ุงูู ูพุงฺฉุณุชุงู ุงูุฑ ูพุงฺฉ ููุฌ ฺฉู ุณูุงูุช ุฑฺฉฺพ
ฺุงูุฏ ุจ ุจ,"ุฌุจ ุทุงูุจุงู ูพุงฺฉ ููุฌ ฺฉ ุฌูุงููฺบ ฺฉ ฺฏู ฺฉุงูน ุฑ ุชฺพ ุชู ุงู ุฏุดุชฺฏุฑุฏูฺบ ุณ ููุงู ุงูุฑุงุฏ ฺฉู ุจฺุงู ฺฉ ู ฺฺพููน ฺฺพููน ฺฏุฑููพูฺบ ุณ ูุฒุงฺฉุฑุงุช ฺฉ ุชุงฺฉ ูุงฺบ ฺฉ ููฺฏ ุจฺ ฺฉุฑ ูุงฺบ ุณ ูฺฉู ุฌุงุฆฺบ!
ุงฺฏุฑ ุชุตูุฑฺบ ุงูุฑ ูฺู ูพฺฺพ ฺฉ ุญููุช ฺฉ ุนฺฉุงุณ ฺฉุฑุช ุชู ุทุงูุจุงููฺบ ูฺบ ุงฺฉ ูพ ูน ุงู ฺฉ ูนููพ ูุงูุง ุจฺพ ูพฺพุฑ ุฑุง !"
Syeda Saba,"ุนุจุฏุงูุณุชุงุฑ ุงุฏฺพ ูููุงูุง ุทุงุฑู ุฌูู ูพุงฺฉ ููุฌ ุนูุฑุงู ุฎุงู ุขุฑู ฺู ฺู ุฌุณูนุณ  ูุบุฑ ูุบุฑ 
ุณุจ ฺฉุงูุฑ ฺพฺบ ฺฉุงุ 
ุฌู ฺฉู ฺฏุงูุงฺบ ุฏุช ุฑ ู ูุงู ูุงุฏ ุนุงุดู 
ุญุงู ฺพ ูฺบ ุจุฑูู ุจูฺฉ ููุฌุฑ ฺฉุง ูุชู ฺพูุง ุงู ุณุจ ฺฉุง ุฐู ุฏุงุฑ ฺฉูู ฺพุ"
Muhammad Saleem Khan Mengal,ูพุงฺฉุณุชุงู ู ุฏุดุชฺฏุฑุฏ ฺฉ ุฌู ฺฉูุฑ ุชูฺ ุฏ  ูพูุฑ ุฏูุง ูฺบ ุงูุฑ ฺฉูุฆ ุงุณุง ูฺบ ฺฉุฑ ุณฺฉุชุงูพุงฺฉ ููุฌ ฺฉุฎูุงู ูพุฑููพฺฏูฺุง ูุง ฺฉุฑูฺบ
ImranAzeem01,"ูุงุดุงุก ุงูู
ูพุงฺฉ ููุฌ ุนูุฑุงู ุฎุงู ุฒูุฏ ุขุจุงุฏ
ุงููููฐ ุณุจุญุงู ู ุชุนุงููฐ ูพุงฺฉ ููุฌ ุงูุฑ ูุณูู ุงู ฺฉ ุญูุงุธุช ุงูุฑ ูุฏุฏ ูุฑูุงุฆฺบ."
Dibarjan,ุจ ูููู ุงูุณุงู ูพุงฺฉ ููุฌ ูุฑุฏ ุจุงุฏ
ImranAzeem01,"ุงู ุดุงุกุงูู
ูพุงฺฉ ููุฌ ุนูุฑุงู ุฎุงู ุฒูุฏ ุขุจุงุฏ
ุงููููฐ ุณุจุญุงู ู ุชุนุงููฐ ูพุงฺฉ ููุฌ ุงูุฑ ูุณูู ุงู ฺฉ ุญูุงุธุช ุงูุฑ ูุฏุฏ ูุฑูุงุฆฺบ."
Sara Munir,"ูพุงฺฉุณุชุงู ูพุงุฆูุฏ ุจุงุฏ 
ูพุงฺฉ ููุฌ ุฒูุฏุงุจุงุฏ "
Khizar Aman,"ูุงุดุงุก ุงูู ูุงุฑ ุดุฒุงุฏ ูุงุฑ ุดุฏุงุก ูุงุฑ ุขู ุจุงู ุดุงู ูุงุฑุง ูฺฉุฑ  ุฏูุฑ ูพุงฺฉ ููุฌ ฺฉ ุฌูุงู
ุฏูุง ฺฉ ุณุงุฑ ุงฺฺพ #ุณูุงู ูพุงฺฉ ููุฌ ฺฉ ุดุฏุงุก ฺฉ ูุงู
#ุณูุงู ูพุงฺฉ ููุฌ
#ุณูุงู #ูุนุงุฐ_ูุงุฒ ุจูุง ฺฏูฺ ุฌุงุจ"
ุทุงุฑู ุนุจุงุณ ุจูฺฏุด,"ูพุงฺฉ ููุฌ ุดุงุฏุช ฺฉ ูฺุช  ูพุงฺฉ ุงุฑู ฺฉ ุจุงุฏุฑ ุงูุฑ ุดุฑ ุฌูุงููฺบ ฺฉ ุฏู  ููุตุฏ ูุช ฺบ ุบุงุฒ ุง ุดุงุฏุช ุงู ุฏู ฺฉ ุจฺ ุชุณุฑุง ฺฉูุฆ ุขูพุดู ูฺบ ูุชุง 

ุบุงุฒ ุง ุดุฏ 

ูพุงฺฉ ุขุฑู ุฒูุฏ ุจุงุฏ 
ุงูู ุฑุจ ุงูุนุฒุช ุจุญู ูุญูุฏ ูุขู ูุญูุฏ ูพุงฺฉ ุขุฑู ฺฉ ุบูุฑ ุฌูุงููฺบ ฺฉู ุงูพู ููุงุตุฏ ูฺบ ฺฉุงูุงุจ ู ฺฉุงูุฑุงู ุฑฺฉฺพ"
ุจุงุจุง ุทุงุฑ,"ุจุงูฺฉู ฺพูุฏูุจูุงุก ฺฉ ูุฑูุช ฺฉ ุจุบุฑ ฺฉุดูุฑ ุขุฒุงุฏ ูฺบ ฺพู ฺฏุง
ุฎุฏุง ุฌุงู ฺฉูู ุณ ูุตูุญุช ุขฺ ุข  ุฑฺพ ฺพ ุฌู ูพุงฺฉ ููุฌ ุงฺฉุดู ูฺบ ู ุฑฺพ ุงูุฑ ุญฺฉููุช ูพุงฺฉุณุชุงู ุจฺพ ุณูุงุฑุช ฺฉูุดุด ฺพ ฺฉุฑ ุฑฺพ ฺพ ุนูู ุงูุฏุงู ููุช ฺฉ ุงฺพู ุถุฑูุฑุช ฺพฺบ
#KashmirBoleyGa"
PAKISTANI 'sูพุงฺฉ ููุฌ ุฒูุฏ ุจุงุฏ,"ุงฺฺพุง ูพฺฺพุช ููุช ุบุต ุจฺพ ุขุฑุง ุชฺพุง ุงูุฑ ูุณ ุจฺพ
ุงูุฑ ูพฺพุฑ ูุงูุน ุบุต ุข ฺฏุง ฺฉ ุขูพ ู ฺฏุงู ุฏ"
"ูููุฏุฑ
Resistance till freedom",
